{
	"global": {
		"settings": {
			"color": {
				"gradients": [ ],
				"link": true,
				"palette": [ ]
			},
			"spacing": {
				"customPadding": false
			},
			"typography": {
				"customLineHeight": true,
				"fontFamilies": [ ],
				"fontSizes": [ ]
			},
			"custom": {
				"width": {
					"default": "",
					"wide": ""
				},
				"margin": {
					"horizontal": "0px"
				}
			}
		},
		"styles": {
			"color": { },
			"typography": { }
		}
	},
	"core/button": {
		"styles": {
			"color": {
                "palette": [
                    {
                        "slug": "secondary-blue",
                        "color": "#00A1E9"
                    },
                    {
                        "slug": "support-yellow",
                        "color": "#EFBB00"
                    },
					{
                        "slug": "gray-scale",
                        "color": "#6D6D6D"
                    }
                ]
            }
		}
	}
}
